Authors	Work Title	Volume	Status	ABOS	STOA	PHI or BHL	TLG	Perseus Identifier	Authority Record	Language	Notes
Adespota Alexandrina	Fragmenta Adespota Alexandriana 	Anthologia lyrica graeca, Volume II, 1925	new collection	none	none	none	none		n.a	Greek	
Aegimius Epic.	Aegimius (Fragmenta)	EGF	new collection	none	none	none	0668.001		n.a.	Greek	
Aenigmata Merovingicae aetatis	Versus cuiusdam Scoti de alphabeto 	Poetae Latini Minores, Vol V	new collection	none	none	9500.?	none		no	Latin	
Alcmaeonis Epic	Alcmaeonis (fragmenta)	EGF	new collection	none	none	none	0696.002		no	Greek	
Alexandri Magni Epistulae	Epistulae	Epistolographi Graeci	new collection	none	none	none	0042.001		n.a.	Greek & latin	
Amasis Epistulae	Epistulae	Epistolographi Graeci	new collection	none	none	none	0043.001		n.a.	Greek & latin	
Anonymi Comici et Tragici	Atellanae Poetarum Incertorum	SRP, Vol 2	new collection	none	none	9505.2	none		n.a.	Latin	
Anonymi Comici et Tragici	Ex Incertis Incertorum Fabulis	SRP, Vol 1	new collection	none	none	9505.4	none		n.a.	Latin	
Anonymi Comici et Tragici	Mimi Poetarum Incertorum	SRP, Vol 2	new collection	none	none	584.1	none		n.a.	Latin	
Anonymi Comici et Tragici	Palliatae Poetarum Incertorum	SRP, Vol 2	new collection	none	none	9505.3	none		n.a.	Latin	
Anonymi Comici et Tragici	Togatae Poetarum Incertorum	SRP, Vol 2	new collection	none	none	9505.1	none		n.a.	Latin	
Anonymi Comici et Tragici	Tragoediae Poetarum Incertorum	SRP, Vol 1	new collection	none	none	9505.4	none		n.a.	Latin	
Anonymi Comici et Tragici 	Orestis Tragoedia	Poetae Latini Minores, Vol V	new collection	none	none	9500.?	none	tll-orestis	no	Latin	
Anonymi de Terrae Motibus	De terrae motibus	De Ostentis (Lydus-1897)	new collection	none	none	none	2972.001		no	Greek	
Anonymi Epici et Lyrici	A. Atilii Calatini elogium	Fragmenta Poetarum Romanorum	new collection	none	none	9500.4	none		no	Latin	
Anonymi Epici et Lyrici	Acidis Tumlus	Poetae Latini Minores, Vol V	new collection	none	none	9500.?	none		no	Latin	
Anonymi Epici et Lyrici	Ad Oceanum	Poetae Latini minores, Vol III	new collection	none	none	9500.?	none		no	Latin	
Anonymi Epici et Lyrici	Ad Panem	Poetae Latini minores, Vol III	new collection	none	none	9500.?	none		no	Latin	
Anonymi Epici et Lyrici	Aegritudo Perdicae	Poetae Latini Minores, Vol V	new collection	none	stoa0010a-stoa001	9500.?	none		no	Latin	Created identifier for this work as identified separately by the TLL
Anonymi Epici et Lyrici	Aenigma	Poetae Latini minores, Vol III	new collection	none	none	9500.?	none		no	Latin	
Anonymi Epici et Lyrici	Ardeatis templi inscriptio	Fragmenta Poetarum Romanorum	new collection	none	none	9500.13	none		no	Latin	
Anonymi Epici et Lyrici	Argumenta Lucani	Poetae Latini Minores, Vol V	new collection	none	none	9500.?	none		no	Latin	
Anonymi Epici et Lyrici	Artificia Metrica	Fragmenta Poetarum Romanorum	new collection	none	none	9500.24	none		no	Latin	
Anonymi Epici et Lyrici	Carmen Contra Paganos	Poetae Latini minores, Vol III	new collection	none	none	9500.?	none	tll-paganos	no	Latin	
Anonymi Epici et Lyrici	Carmen de Candido et Nigro	Poetae Latini Minores, Vol V	new collection	none	none	9500.?	none		no	Latin	
Anonymi Epici et Lyrici	Carmen de Figuris Vel Schematibus	Poetae Latini minores, Vol III	new collection	none	none	9500.?	none		no	Latin	
Anonymi Epici et Lyrici	Carmen de Philomela	Poetae Latini Minores, Vol V	new collection	none	none	9500.?	none		no	Latin	
Anonymi Epici et Lyrici	Carmen de Ponderibus	Poetae Latini Minores, Vol V	new collection	none	none	9500.?	none		no	Latin	
Anonymi Epici et Lyrici	Carmen de Septem Planetis	Poetae Latini Minores, Vol V	new collection	none	none	9500.?	none		no	Latin	
Anonymi Epici et Lyrici	Carmina ad Theodosium	Poetae Latini Minores, Vol V	new collection	none	none	9500.?	none		no	Latin	
Anonymi Epici et Lyrici	Carmina Bucolica	Poetae Latini minores, Vol III	new collection	none	none	9500.?	none		no	Latin	
Anonymi Epici et Lyrici	Carmina de Singulis Causis	Poetae Latini minores, Vol IV	new collection	none	none	9500.?	none		no	Latin	
Anonymi Epici et Lyrici	Carmina De Viris Inlustribus	Poetae Latini Minores, Vol V	new collection	none	stoa0312	9500.?	none		no	Latin	
Anonymi Epici et Lyrici	Carmina Latina Epigraphica. Selections.	Oxford Book of Latin Verse	new collection	none	none	9500.?	none		no	Latin	
Anonymi Epici et Lyrici	Carmina Marciana	Fragmenta Poetarum Romanorum	new collection	none	none	9500.16	none		no	Latin	
Anonymi Epici et Lyrici	Carmina Tria De Mensibus 	Poetae Latini Minores, Vol I	new collection	none	none	none	none	tll-mensibus	no	Latin	
Anonymi Epici et Lyrici	Carmina Varia (from the Anthologia Latina)	Poetae Latini minores, Vol IV	new collection	none	none	3211.3?	none		no	Latin	
Anonymi Epici et Lyrici	Celeuma	Poetae Latini minores, Vol III	new collection	none	none	9500.?	none		no	Latin	
Anonymi Epici et Lyrici	Charms	Oxford Book of Latin Verse	new collection	none	none	9500.?	none		no	Latin	
Anonymi Epici et Lyrici	Cornelii Celsi	Poetae Latini Minores, Vol V	new collection	none	none	9500.?	none		no	Latin	
Anonymi Epici et Lyrici	De Hippolyto	Poetae Latini minores, Vol III	new collection	none	none	9500.?	none		no	Latin	
Anonymi Epici et Lyrici	De Metris	Fragmenta Poetarum Romanorum	new collection	none	none	9500.34	none		no	Latin	
Anonymi Epici et Lyrici	De Sphaera Caeli	Poetae Latini Minores, Vol V	new collection	none	none	9500.?	none		no	Latin	
Anonymi Epici et Lyrici	De Urbe Feltria	Poetae Latini Minores, Vol V	new collection	none	none	9500.?	none		no	Latin	
Anonymi Epici et Lyrici	De Ventis	Poetae Latini Minores, Vol V	new collection	none	none	9500.?	none		no	Latin	
Anonymi Epici et Lyrici	Epicuri	Poetae Latini Minores, Vol V	new collection	none	none	9500.?	none		no	Latin	
Anonymi Epici et Lyrici	Epigramma a Varrone Plauto attributum	Fragmenta Poetarum Romanorum	new collection	none	none	9500.11	none		no	Latin	
Anonymi Epici et Lyrici	Epigramma Pacuvi	Fragmenta Poetarum Romanorum; ROL, Vol 2	new collection	none	none	9500.12	none		no	Latin	
Anonymi Epici et Lyrici	Epigrammata et populares versus in Augustum	Fragmenta Poetarum Romanorum	new collection	none	none	9500.18	none		no	Latin	
Anonymi Epici et Lyrici	Epistula Didonis ad Aeneam (Part of Anthologia Latina)	Poetae Latini minores, Vol IV	new collection	none	none	9500.?	none		no	Latin	
Anonymi Epici et Lyrici	Epitaphia	Poetae Latini Minores, Vol V	new collection	none	none	9500.?	none		no	Latin	
Anonymi Epici et Lyrici	Epitaphium Vitalis Mimi Filii Catonis	Poetae Latini minores, Vol III	new collection	none	none	9500.?	none		no	Latin	
Anonymi Epici et Lyrici	Ex Acilii Glabrionis Tabula	Fragmenta Poetarum Romanorum	new collection	none	none	9500.7	none		no	Latin	
Anonymi Epici et Lyrici	Georgicon Argumenta (Part of Anthologia Latina)	Poetae Latini minores, Vol IV	new collection	none	none	3211.3?	none		no	Latin	
Anonymi Epici et Lyrici	in Carbonem versus popularis	Fragmenta Poetarum Romanorum	new collection	none	none	9500.15	none		no	Latin	
Anonymi Epici et Lyrici	In equum mirae pernicitatis 	Poetae Latini Minores, Vol V	new collection	none	none	9500.?	none		no	Latin	
Anonymi Epici et Lyrici	Incerti    	Poetae Latini minores, Vol III	new collection	none	none	9500.?	none		no	Latin	
Anonymi Epici et Lyrici	Incerti Ad Filium Praecepta	Fragmenta Poetarum Romanorum	new collection	none	none	9500.10	none		no	Latin	
Anonymi Epici et Lyrici	Incerti Carmen Nelei	Fragmenta Poetarum Romanorum	new collection	none	none	9500.42	none		no	Latin & English	
Anonymi Epici et Lyrici	Incerti Carmeni Priami	Fragmenta Poetarum Romanorum	new collection	none	none	9500.5	none		no	Latin	
Anonymi Epici et Lyrici	Incerti de Crassitio Epigramma	Fragmenta Poetarum Romanorum	new collection	none	none	9500.20	none		no 	Latin	
Anonymi Epici et Lyrici	Incerti Epithalamium Laurentii Aliaque	Poetae Latini minores, Vol III	new collection	none	none	9500.?	none		no	Latin	
Anonymi Epici et Lyrici	Incerti Sententiae	Fragmenta Poetarum Romanorum	new collection	none	none	9500.3	none		no	Latin	
Anonymi Epici et Lyrici	Incertus de Triumpho Cupidinis	Fragmenta Poetarum Romanorum	new collection	none	none	9500.33	none		no	Latin	
Anonymi Epici et Lyrici	Maro Maecenati Salutem (Part of Anthologia Latina)	Poetae Latini minores, Vol IV	new collection	none	none	9500.?	none		no	Latin	
Anonymi Epici et Lyrici	Miltiades	Poetae Latini Minores, Vol V	new collection	none	none	9500.?	none		no	Latin	
Anonymi Epici et Lyrici	Nutricum Cantilena	Fragmenta Poetarum Romanorum	new collection	none	none	9500.9	none		no	Latin	
Anonymi Epici et Lyrici	Obtrectatoris Vergilii versiculus 	Fragmenta Poetarum Romanorum	new collection	none	none	9500.19	none		no	Latin	
Anonymi Epici et Lyrici	Odarium	Fragmenta Poetarum Romanorum	new collection	none	none	9500.28	none		no	Latin	
Anonymi Epici et Lyrici	Pani et Apollini	Poetae Latini Minores, Vol V	new collection	none	none	9500.?	none		no	Latin	
Anonymi Epici et Lyrici	Pasiphaes fabula 	Poetae Latini Minores, Vol V	new collection	none	none	9500.?	none		no	Latin	
Anonymi Epici et Lyrici	Ponticon Praefatio	Poetae Latini minores, Vol III	new collection	none	none	9500.?	none		no	Latin	
Anonymi Epici et Lyrici	Populares Versus in Caligulam	Fragmenta Poetarum Romanorum	new collection	none	none	9500.23	none		no	Latin	
Anonymi Epici et Lyrici	Populares versus in Sarmentum	Fragmenta Poetarum Romanorum	new collection	none	none	9500.21	none		no	Latin	
Anonymi Epici et Lyrici	Popularis Incantio	Fragmenta Poetarum Romanorum	new collection	none	none	9500.9	none		no	Latin	
Anonymi Epici et Lyrici	Septem Sapientium Sententiae	Poetae Latini minores, Vol III	new collection	none	none	9500.27	none		no	Latin	
Anonymi Epici et Lyrici	Tabulae Triumphiatoriae	Fragmenta Poetarum Romanorum	new collection	none	none	9500.8	none		no	Latin	
Anonymi Epici et Lyrici	Tarentinus Senarius	Fragmenta Poetarum Romanorum	new collection	none	none	9500.32	none		no	Latin	
Anonymi Epici et Lyrici	templi Tarracinensis inscriptio	Fragmenta Poetarum Romanorum	new collection	none	none	9500.14	none		no	Latin	
Anonymi Epici et Lyrici	Verba Achillis (part of Anthologia Latina)	Poetae Latini minores, Vol IV	new collection	none	none	9500.?	none		no	Latin	
Anonymi Epici et Lyrici	Versus in Caesares Romanos ex Historia Augusta	Fragmenta Poetarum Romanorum	new collection	none	none	9500.30	none		no	Latin	
Anonymi Epici et Lyrici	Versus Orphici ab Arnobio conversi	Fragmenta Poetarum Romanorum	new collection	none	none	9500.31	none		no	Latin	
Anonymi Epici et Lyrici	versus populares in Caesarem et similia	Fragmenta Poetarum Romanorum	new collection	none	none	9500.17	none		no	Latin	
Anonymi Epici et Lyrici	Versus Populares in Neronem Aliosque	Fragmenta Poetarum Romanorum	new collection	none	none	9500.25	none		no	Latin	
Anonymi Epici et Lyrici	Versus Populares in Tiberium	Fragmenta Poetarum Romanorum	new collection	none	none	9500.22	none		no	Latin	
Anonymi Epici et Lyrici	Versus Sacrorum	Fragmenta Poetarum Romanorum	new collection	none	none	9500.2	none		no	Latin	
Anonymi Epici et Lyrici (Composite Records)	Anonymous Carmina from Carmina Vergiliana in the  Anthologia Latina	Poetae latini minores, Vol IV	new collection	none	none	9500.?	none		no	Latin	
Anonymi Epici et Lyrici (Composite Records)	Carmina Varia	Poetae Latini minores, Vol IV	new collection	none	none	9500.?	none		no	Latin	
Anonymi Epici et Lyrici (Composite Records)	Carmina Varia	Poetae Latini Minores, Vol V	new collection	none	none	9500.?	none		no	Latin	
Anonymi Epici et Lyrici (Composite Records)	Dubious Poems	Poetae Latini Minores, Vol V	new collection	none	none	9500.?	none		no	Latin	
Anonymi Epici et Lyrici (Composite Records)	Incertae Aetatis Carmina	Poetae Latini Minores, Vol V	new collection	none	none	9500.?	none		no	Latin	
Anonymi Epici et Lyrici (Composite Records)	Varii Variorum Versus	Poetae Latini minores, Vol IV	new collection	none	none	9500.?	none		no	Latin	
Anonymi Epici et Lyrici (Composite Records)	Various Poems	Oxford Book of Latin Verse	new collection	none	none	9500.?	none		no	Latin	
Anonymi Epigrammatici	Amatory Epigrams	Greek Anthology, Volume I	new collection	none	none	none	0138.001		n.a.	Greek	
Anonymi Epigrammatici	Arithmetical Problems, Riddles, Oracles	Greek Anthology, Volume V	new collection	none	none	none	0138.001		n.a.	Greek	
Anonymi Epigrammatici	Christian Epigrams	Greek Anthology, Volume I	new collection	none	none	none	0138.001		n.a.	Greek	
Anonymi Epigrammatici	Cyzicene Epigrams	Greek Anthology, Volume I	new collection	none	none	none	0138.001		n.a.	Greek	
Anonymi Epigrammatici	Declamatory Epigrams	Greek Anthology, Volume III	new collection	none	none	none	0138.001		n.a.	Greek	
Anonymi Epigrammatici	Dedicatory Epigrams	Greek Anthology, Volume I	new collection	none	none	none	0138.001		n.a.	Greek	
Anonymi Epigrammatici	Egyptian Months	Greek Anthology, Volume III	new collection	none	none	none	0138.001		n.a.	Greek	
Anonymi Epigrammatici	Epigrammata from the Musa Puerilis	Greek Anthology, Volume IV	new collection	none	none	none	0138.001		n.a.	Greek	
Anonymi Epigrammatici	Epigrams in Various Metres	Greek Anthology, Volume V	new collection	none	none	none	0138.001		n.a.	Greek	
Anonymi Epigrammatici	Homeric Centos	Greek Anthology, Volume III	new collection	none	none	none	0138.001		n.a.	Greek	
Anonymi Epigrammatici	Miscellaneous Epigrams	Greek Anthology, Volume V	new collection	none	none	none	0138.001		n.a.	Greek	
Anonymi Epigrammatici	Roman Months	Greek Anthology, Volume III	new collection	none	none	none	0138.001		n.a.	Greek	
Anonymi Epigrammatici	Sepulchral Epigrams	Greek Anthology, Volume II	new collection	none	none	none	0138.001		n.a.	Greek	
Anonymi Epigrammatici	The Convivial and Satirical Epigrams	Greek Anthology, Volume IV	new collection	none	none	none	0138.001		n.a.	Greek	
Anonymi Epigrammatici	The Hortatory and Admonitory Epigrams	Greek Anthology, Volume IV	new collection	none	none	none	0138.001		n.a.	Greek	
Anonymi Geographi in Sphaera Intelligenda	Anonymi summaria ratio geographiae in sphaera intelligendae	Dionysius Byzantium 	new collection	none	none	none	2029.001		n.a.	Greek	
Anonymi Geographiae Expositio Compendiaria	Geographiae expositio compendiaria 	Dionysius Byzantium 	new collection	none	none	none	0092.001		n.a.	Greek	
Anonymi Historici	Annales Maximi	Historicorum Romanorum reliquiae, Vol I	new collection	none	none	none	none		no	Latin & Greek	
Anonymi Hymnus	Fragmenta	Anthologia lyrica graeca, Volume II, 1925	new collection	none	none	none	none		n.a.	Greek	
Anonymi Hymnus	Hymnus Curetum	Anthologia lyrica graeca, Volume II, 1925	new collection	none	none	none	0227.001		n.a.	Greek	
Anonymi in Aristotelis	Anonymi in Ethica Nicomachea commentaria	CAG, Vol 20	new collection	none	none	none	4033.001		n.a.	Greek	
Anonymi in Aristotelis	In ethica Nicomachea vii commentaria	CAG, Vol 20	new collection	none	none	none	4033.002		n.a.	Greek	
Anonymi in Aristotelis	Anonymi in Aristotelis Categorias paraphrasis	CAG, Vol 23-Part II	new collection	none	none	none	4027.001		n.a.	Greek	
Anonymi in Aristotelis	In Aristotelis sophisticos elenchos paraphrasis	CAG, Vol 23-Part IV	new collection	none	none	none	4193.012		n.a.	Greek	
Anonymi Medici	Peri Onomasias	Oeuvres de Rufus d'Éphèse	new collection	none	none	none	0721.001		n.a.	Greek	
Anonymi Medici	Ὀνοματοποιία τῆς ἀνθρώπου φύσεως	Oeuvres de Rufus d'Éphèse	new collection	none	none	none	0721.002		n.a.	Greek	
Anonymi Medici	Περὶ τῆς τῶν πυρετῶν διαφορᾶς	Oeuvres de Rufus d'Éphèse	new collection	none	none	none	0721.020		n.a.	Greek	
Anonymi Medici	Physiognomonica.	Scriptores physiognomonici graeci et latin, Vol II	new collection	none	none	none	0721.023		n.a.	Greek	
Anonymous	Antidotarium Bruxellense	Euporiston	new collection	none	stoa0028a-stoa001	none	none		n.a.	Latin	
Anonymous	Anonymi Anapaesti	Anthologia lyrica graeca, Volume II, 1925	new collection	none	none	none	?		n.a.	Greek	
Anonymous	Cambridge Songs	Mediaeval Latin	new collection	none	none	none	none		yes	Latin	
Anonymous	Carmen de Bello Aegyptiaco 	Poetae Latini Minores, Vol I	new collection	none	none	706.1	none		no	Latin	
Anonymous	Carmina Burana	Mediaeval Latin	new collection	none	stoa0305	?	none		no	Latin	
Anonymous	German Latin Lyricists. Selections.	Mediaeval Latin	new collection	none	none	none	none		no	Latin	
Anonymous	Gesta Romanorum	Mediaeval Latin	new collection	none	none	none	none		yes	Latin	
Anonymous	Historia Apollonii Regi Tyri	Mediaeval Latin	new collection	none	none	none	none		yes	Latin	
Anonymous	Historia Septem Sapientum	Mediaeval Latin	new collection	none	none	9500.27	none		no	Latin	
Anonymous	Laus Pisonis	Oxford Book of Latin Verse	new collection	none	none	911.1	none		no	Latin	
Anonymous	Laus Pisonis	Poetae Latini Minores, Vol I	new collection	none	none	911.1	none		no	Latin	
Anonymous	Messallae Panegyristae	Oxford Book of Latin Verse	new collection	none	stoa0281?	660.4	none		no	Latin	Part of Corpus Tibullianum-Created Identifier for this 660.4
Anonymous	Passio et Miracula Beati Olav	Mediaeval Latin	new collection	none	none	none	none		no	Latin	
Anonymous	Pervigilium Veneris	Oxford Book of Latin Verse, Latin Poets, Poetae Latini Minores, Vol IV	new collection	none	stoa0338-stoa001	none	none		yes	Latin	
Anonymous	Physiognomonica anonymi	Scriptores physiognomonici graeci et latini, Vol II	new collection	none	none	none	none		no	Latin	
Anonymous	Precatio Omnium Herbarum	Poetae Latini Minores, Vol I; Minor Latin Poets	new collection	none	stoa0340	990.1	none		no	Latin	
Anonymous	Precatio Terrae	Oxford Book of Latin Verse,   Poetae Latini Minores, Vol I; Remains of Latin Poetry	new collection	none	stoa0341	993.1	none		no	Latin	
Anonymous	The Mediaeval Religious Drama	Mediaeval Latin	new collection	none	none	none	none		no	Latin	
Anonymous	Vita Beati Posthumii: Patris Quinque Millium Monachorum	Vitae Patrum Sive Historiae Eremiticae Libri Decem, Book 1	new collection	none	none	BHL(6412)	none		no	Latin	
Anonymous	Vita Sanctae Eugeniae: Virginis Ac Martyris	Vitae Patrum Sive Historiae Eremiticae Libri Decem, Book 1	new collection	none	none	BHL (2666)	none		no	Latin	
Anonymous	Vita Sanctae Euphrasiae: Virginis	Vitae Patrum Sive Historiae Eremiticae Libri Decem, Book 1	new collection	none	none	BHL (2718)	none		no	Latin	
Anonymous	Vita Sanctae Euphrosynae: Virginis	Vitae Patrum Sive Historiae Eremiticae Libri Decem, Book 1	new collection	none	none	BHL (2723)	none		no	Latin	
Anonymous	Vita Sanctae Marinae: Virginis	Vitae Patrum Sive Historiae Eremiticae Libri Decem, Book 1	new collection	none	none	BHL (5528)	none		no	Latin	
Anonymous	Vita Sanctae Thaisis: Meretricis	Vitae Patrum Sive Historiae Eremiticae Libri Decem, Book 1	new collection	none	none	BHL(8012)	none		no	Latin	
Anonymous	Vita Sancti Frontonii: Abbatis	Vitae Patrum Sive Historiae Eremiticae Libri Decem, Book 1	new collection	none	none	BHL (3189)	none		no	Latin	
Anonymous	Vita Sanctorum Epicteti Presbyteri Et Astionis Monachi	Vitae Patrum Sive Historiae Eremiticae Libri Decem, Book 1	new collection	none	none	BHL (2568)	none		no	Latin	
Anonymous Rhetoric	Ars Rhetorica Clodiani De Statibus	Rhetores Latini Minores	new collection	none	none	?	none		no	Latin	
Anonymous Rhetoric	Carmen de figuris vel Schematibus	Rhetores Latini Minores	new collection	none	none	?	none		no	Latin	
Anonymous Rhetoric	De Attributis Personis et Negotiis	Rhetores Latini Minores	new collection	none	none	?	none		no	Latin	
Anonymous Rhetoric	Excerpta Rhetorica e. cod. Parisino n. 7530 edita	Rhetores Latini Minores	new collection	none	none	?	none		no	Latin	
Anonymous Rhetoric	Incerti Auctores Schemata Diaoneas	Rhetores Latini Minores	new collection	none	none	?	none		no	Latin	
Anonymous Rhetoric	Incerti Auctoris Tractatus De Adtributis Personae Et Negotio	Rhetores Latini Minores	new collection	none	none	?	none		no	Latin	
Anonymous-Graeco Incerto	Verba Seniorum  (translated by Johannes, Subdeacon)	Vitae Patrum Sive Historiae Eremiticae Libri Decem, Book VI	new collection	none	none	BHL (6530)	none		no	Latin	
Anonymous-Graeco Incerto	Verba Seniorum  (translated by Paschasius Radbertus)	Vitae Patrum Sive Historiae Eremiticae Libri Decem, Book VII	new collection	none	none	BHL (6531)	none		no	Latin	
Anonymous-Graeco Incerto	Verba Seniorum (translated by Pelagius)	Vitae Patrum Sive Historiae Eremiticae Libri Decem, Book V	new collection	none	none	BHL (6527)	none		no	Latin	
Anonymous-Graeco Incerto	Vita Sancti Ephraem Syri: Diaconi Edessae (translated by Vossius, Gerardus Joannes)	Vitae Patrum Sive Historiae Eremiticae Libri Decem, Book 1	new collection	none	none	BHL-Ephraem	none		no	Latin	
Anonymous-Graeco Incerto	Vita Sancti Pachomii: Abbatos Tabennensis (translated by Dionysius Exiguus)	Vitae Patrum Sive Historiae Eremiticae Libri Decem, Book 1	new collection	none	none	BHL (6410)	none		no	Latin	
Anonymus Discipulus Isidori Milesii	Euclidis elementorum qui fertur liber xv	Euclidis Opera Omnia, Vol 5	new collection	none	none	none	4055.001		no	Greek	
Antigoni Epistulae	Epistulae	Epistolographi Graeci	new collection	none	none	none	0618.001		no	Greek & Latin	
Arcesilai Epistulae	Epistulae	Epistolographi Graeci	new collection	none	none	none	0038.001		no	Greek & Latin	
Archytas (Pseudo)	Epistulae	Epistolographi Graeci	new collection	none	none	none	1177.001		no	Greek & Latin	
Argumenta Aeneidis et Tetrasticha in cunctis libris Vergilii	Tetrasticha in Vergilii Bucolica et Georgica	Poetae Latini minores, Vol IV	new collection	none	none	3211.3	none		no	Latin	
Argumenta Aeneidis et Tetrasticha in cunctis libris Vergilii	Tetrasticha in Vergilii Aeneida	Poetae Latini minores, Vol IV	new collection	none	none	3211.4	none		no	Latin	
Argumenta Aeneidis et Tetrasticha in cunctis libris Vergilii	Monosticha in libris Aeneidos	Poetae Latini minores, Vol IV	new collection	none	none	3211.2	none		no	Latin	
Argumenta Aeneidis et Tetrasticha in cunctis libris Vergilii	Argumenta Aeneidis, Decasticha	Poetae Latini minores, Vol IV	new collection	none	none	3211.1	none		no	Latin	
Artaxerxis Epistulae	Epistulae	Epistolographi Graeci	new collection	none	none	none	0045.001		no	Greek & latin	
Bruti Epistulae	Epistulae	Epistolographi Graeci	new collection	none	none	none	1803.001		no	Greek & Latin	
Bucolica Einsidlensia 	Bucolica Einsidlensia 	Poetae Latini Minores, Vol 3; Minor Latin Poets	new collection	none	none	821.1	none		no	Latin	
Calani Epistulae	Epistulae	Epistolographi Graeci	new collection	none	none	none	0040.001		yes	Greek & Latin	
Canticum Euripidis	Ex Orestis Stasimo I	Musici Scriptores Graeci	new collection	none	none	none	2138.001		no	Greek	
Carmen Naupactium	Carmen Naupactium Fragmenta	EGF	new collection	none	none	none	1241.002		no	Greek	
Carmina Convivialia	Scolia Attica	Anthologia Lyrica (Hiller-1897); Anthologia Lyrica Graeca, Volume 2, 1925, Greek Melic Poets, PLG Vol III	new collection	none	none	none	0296.001		no	Greek	
Carmina Delphis Inventa	Carmina Delphis Inventa	Musici Scriptores Graeci	new collection	none	none	none	0362.001		no	Greek	
Carmina Popularia	Carmina Popularia Fragmenta	Anthologia Lyrica (Hiller-1897); Anthologia Lyrica Graeca, Volume 2, 1925, Greek Melic Poets, PLG Vol III	new collection	none	none	none	0295.001		no	Greek	
Carmina Popularia	Carmina Popularia Fragmenta	Lyra Graeca, Vol III	new collection	none	none	none	0295.001		no	Greek & English	
Chionis Epistulae	Epistulae	Epistolographi Graeci	new collection	none	none	none	0041.001		no	Greek & Latin	
Choliambica Adespota	Anonymus in turpilucrum.	Anthologia Lyrica Graeca, Volume 1, 1925	new collection	none	none	none	1797.002		n.a.	Greek	
Choliambica Adespota	Fragmenta Choliambica Adespota	Anthologia Lyrica Graeca, Volume 1, 1925; Anthologia Lyrica,Volume III, Iamborum Scriptores	new collection	none	none	none	1797.001		n.a.	Greek	
Chronographiae Anonymae	Chronographia brevis (e cod. Coislin. 193)	Nicephori Archiepiscopi Constantinopolitani Opuscula historica.	new collection	none	none	none	2738.002		n.a.	Greek	
Chronographiae Anonymae	Chronographia brevis (e cod. Monac. gr. 510)	Nicephori Archiepiscopi Constantinopolitani Opuscula historica.	new collection	none	none	none	2738.004		n.a.	Greek	
Chronographiae Anonymae	Chronographia brevis (e cod. Paris. suppl. gr. 67)	Nicephori Archiepiscopi Constantinopolitani Opuscula historica.	new collection	none	none	none	2738.003		n.a.	Greek	
Comica Adespota (CAF)	Fragmenta	CAF, Vol III	new collection	none	none	none	0408.002		n.a.	Greek	
Comica Adespota (CAF)	Fragmenta incertorum poetarum	CAF, Vol III	new collection	none	none	none	0408.001		n.a.	Greek	
Comica Adespota	Adespota veteris comoediae	Supplementum Comicum	new collection	none	none	none	0659.001		n.a.	Greek	
Comica Adespota	Adespota Nova Comoediae	Supplementum Comicum	new collection	none	none	none	0659.002		n.a.	Greek	
Comica Adespota	Fragmenta Incerta Comoediae	Supplementum Comicum	new collection	none	none	none	0659.003		n.a.	Greek	
Comica Adespota	Adespota Dubia	Supplementum Comicum	new collection	none	none	none	0659.004		n.a.	Greek	
Comica Adespota	Fragmentum incerti poetae Dorici	Supplementum Comicum	new collection	none	none	none	0659.005		n.a.	Greek	
Danaïs vel Danaïdes	Danaïs vel Danaïdes (fragmentum)	EGF	new collection	none	none	none	0364.001		n.a.	Greek	
Dionis Epistulae	Epistulae	Epistolographi Graeci	new collection	none	none	none	1327.001		n.a.	Greek	
Elegiaca Adespota	Anonymorum Elegiae	Anthologia lyrica graeca, Volume II, 1925	new collection	none	none	none	0231.001		n.a.	Greek	
Elegiaca Adespota	Fragmenta Elegiaca Adespota	Anthologia Lyrica (Hiller-1897); Anthologia Lyrica Graeca, Volume 1, 1925. PLG Vol III	new collection	none	none	none	0234.001		n.a.	Greek	
Epigrammata Demonstrativa	Epigrammata Demonstrativa	Various	new collection	none	none	none	7052.003		n.a.	Greek	
Epitaphium Sicili	Sicili Epitaphium	Musici Scriptores Graeci	new collection	none	none	none	2139.001		n.a.	Greek	
Euripidis Epistulae	Epistulae	Epistolographi Graeci	new collection	none	none	none	1367.001		n.a.	Greek	
Homerica	Certamen Homeri et Hesiodi	Hesiod, The Homeric Hymns and Homerica	new collection	none	none	none	1252.002		no	Greek	
Homerica-Aethiopis	Aethiopis	Hesiod, The Homeric Hymns and Homerica	new collection	none	none	none	0683.002		no	Greek	
Homerica-Batrachomyomachia	Batrachomyomachia Homerica	Corpusculum poesis epicae graecae ludibundae	new collection	none	none	none	1220.001		yes	Greek	
Homerica-Batrachomyomachia	Batrachomyomachia Homerica	Hesiod, The Homeric Hymns and Homerica	new collection	none	none	none	1220.001		yes	Greek	
Homerica-Cercopes	Cercopes	Hesiod, The Homeric Hymns and Homerica	new collection	none	none	none	none		no	Greek	
Homerica-Cypria	Cypria	Hesiod, The Homeric Hymns and Homerica	new collection	none	none	none	1296.001		no	Greek	
Homerica-Epigoni	Epigoni	Hesiod, The Homeric Hymns and Homerica	new collection	none	none	none	1351.001		no	Greek	
Homerica-Ilias Parva	Ilias Parva	Hesiod, The Homeric Hymns and Homerica	new collection	none	none	none	1444.001		no	Greek	
Homerica-Iliu Persis	Iliu Persis	Hesiod, The Homeric Hymns and Homerica	new collection	none	none	none	1445.001		no	Greek	
Homerica-Margites	Margites	Hesiod, The Homeric Hymns and Homerica	new collection	none	none	none	0253.001		no	Greek	
Homerica-Nostoi	Nostoi	Hesiod, The Homeric Hymns and Homerica	new collection	none	none	none	1541.001		no	Greek	
Homerica-Oechaliae Halosis	Oechaliae halosis	Hesiod, The Homeric Hymns and Homerica	new collection	none	none	none	1546.001		no	Greek	
Homerica-Oedipodea	Oedipodea	Hesiod, The Homeric Hymns and Homerica	new collection	none	none	none	1547.001		no	Greek	
Homerica-Telegonia	Telegonia	Hesiod, The Homeric Hymns and Homerica	new collection	none	none	none	4163.001		no	Greek	
Homerica-Thebaid	Thebaid	Hesiod, The Homeric Hymns and Homerica	new collection	none	none	none	1712.001		no	Greek	
Homerica-Titanomachia	Titanomachia	Hesiod, The Homeric Hymns and Homerica	new collection	none	none	none	1737.001		no	Greek	
Iambica Adespota	Fragmenta Iambica Adespota	Anthologia Lyrica (Hiller-1897); Anthologia Lyrica Graeca, Volume 1, 1925, PLG Vol III	new collection	none	none	none	1821.001		n.a.	Greek	
Incerti	Incerti Panegyricus Maximiano et Constantino	Panegyrici Latini	new collection	none	stoa0353-stoa001	none	none		n.a.	Latin	
Incerti	Incerti Panegyricus Constantino Augusto Dictus	Panegyrici Latini	new collection	none	stoa0353-stoa002	none	none		n.a.	Latin	
Lyrica Adespota	Fragmenta Lyrica	Anthologia Lyrica Graeca, Vol II, 1925	new collection	none	none	none	0230.001		n.a.	Greek	
Lyrica Adespota	Fragmenta Melica Adespota	Anthologia Lyrica (Hiller-1897); Anthologia Lyrica Graeca, Volume 1, 1925, Greek Melic Poets, PLG Vol III	new collection	none	none	none	0297.001		n.a.	Greek	
Lyrica Adespota	Fragmenta Melica Chorica Adespota	Anthologia lyrica graeca, Volume II, 1925	new collection	none	none	none	0297.001		n.a.	Greek	
Lyrica Adespota	Adespota	Lyra Graeca, Vol III	new collection	none	none	none	0230.001		n.a.	Greek	
Marmor Parium	Marmor Parium	FHG Vol I	new collection	none	none	noen	2432.001		n.a.	Greek	
Mithridatis Epistulae	Epistulae	Epistolographi Graeci	new collection	none	none	none	0039.001		n.a.	Greek & Latin	
Paeanes	Paean Delphicus i in Apollinem	Greek Melic Poets	new collection	none	none	none	1203.005		n.a.	Greek	
Paraphrases in Dionysium Periegetam	In Dionysii periegetae orbis descriptionem	Dionysius Pereigetes Graece et Latine	new collection	new collection	none	none	4174.001		n.a.	Greek	
Paraphrases in Dionysium Periegetam	In Dionysii periegetae orbis descriptionem	Aristarchs Homerische Textkritik	new collection	none	none	none	4174.002		n.a.	Greek	
Phoronis	Phoronis Fragmenta	EGF	new collection	none	none	none	1607.002		n.a.	Greek	
Priapea	Priapea	PLM, Vol I, Petronius (1882-Heraeus)	new collection	none	stoa0342	1103.1	none		no	Latin	
Pseudo-Ovid	Consolatio ad Liviam (Epicedion Drusi)	Oxford Book of Latin Verse	new collection	none	none	959.15	none		yes	Latin	
Pseudo-Ovid	Consolatio ad Liviam (Epicedion Drusi)	Poetae Latini Minores, Vol I	new collection	none	none	959.15	none		``	Latin	
Pseudo-Ovid	Nux Elegia	Poetae Latini Minores, Vol I	new collection	none	stoa0216-stoa011	959.13	none		yes	Latin	
Scholia in Dionysium Byzantium	Scholia in Dionysii Byzantii per Bosporum navigationem (scholia recentiora)		new collection	none	none	none	5018.001		no	Greek	
Scholia in Dionysium Periegetam	Scholia in Dionysium Periegetam	Aristarchs Homerische Textkritik	new collection	none	none	none	5019.002		no	Greek	
Scholia in Dionysium Periegetam	Scholia in Dionysium Periegetam	Dionysius Pereigetes Graece et Latine	new collection	none	none	none	5019.001		no	Greek	
Scholia in Euclidem	Scholia in Euclidis Elementa	Euclidis Opera Omnia, Vol 5	new collection	none	none	none	5022.001		no	Greek	
Scholia in Euclidem	Scholia in Data	Euclidis Opera Omnia, Vol 6	new collection	none	none	none	5022.002		no	Greek	
Scholia in Euclidem	Scholia in Euclidis Optica	Euclidis Opera Omnia, Vol 7	new collection	none	none	none	5022.003		no	Greek	
Scholia in Euclidem	Scholia in opticorum recensionem Theonis	Euclidis Opera Omnia, Vol 7	new collection	none	none	none	5022.004		no	Greek	
Scholia in Euclidem	Scholia in Euclidis catoptrica	Euclidis Opera Omnia, Vol 7	new collection	none	none	none	5022.005		no	Greek	
Scholia in Euclidem	Scholia in Euclidis phaenomena	Euclidis Opera Omnia, Vol 8	new collection	none	none	none	5022.006		no	Greek	
Scholia in Euclidem	Scholia in Euclidis data et catoptrica	Euclidis Opera Omnia, Vol 8	new collection	none	none	none	5022.007		no	Greek	
Scholia in Nicandrum	Scholia et glossae in Nicandri theriaca (scholia vetera et recentiora) 	Theriaca et Alexapharmaca	new collection	none	none	none	5031.001		no	Greek	
Scholia in Nicandrum	Scholia et glossae in Nicandri alexipharmaca (scholia vetera et recentiora)	Theriaca et Alexapharmaca	new collection	none	none	none	5031.002		no	Greek	
Scholia In Iamblichum	Scholia in librum Iamblichi in Nicomachi arithmeticam introductionem (scholia vetera et recentiora)	Iamblichi In Nicomachi Arithmeticam introductionem liber	new collection	none	none	none	5027.001		no	Greek	
Septem Sapientes	Scolia   	Anthologia Lyrica (Hiller-1897); Anthologia Lyrica Graeca, Volume 2, 1925, Greek Melic Poets	new collection	none	none	none	1667.006		no	Greek	
Tragica Adespota	Fragmenta Tragica Adespota	Tragicorum Graecorum Fragmenta	new collection	none	none	none	1738.001		n.a.	Greek	
Twelve Tables	Lex Twelve Tabularum	Remains of Old Latin, Vol III	new collection	none	stoa0330	none	none		none	Latin	
Various	Sylloge Locorum Physiognomonicorum: Loci Scriptorum Latinorum	Scriptores physiognomonici graeci et latini, Vol II	new collection	none	none	none	none		no	Greek	
Various  	Sylloge Locorum Physiognomonicorum: Loci Scriptorum Graecorum	Scriptores physiognomonici graeci et latini, Vol II	new collection	none	none	none	none		no	Latin	
Various (Theophilus, Sergius, Hyginus)	Vita Sancti Macarii Romani 	Vitae Patrum Sive Historiae Eremiticae Libri Decem, Book 1	new collection	none	none	BHL (5104)	none		no	Latin	
Various?	Anonymus kata Aisxrokerdeias	 Anthologia Lyrica Graeca, Volume 1, 1925; Anthologia Lyrica, Vol III, Iamborum Scriptores	new collection	none	none	none	uncertain		n.a.	Greek	
Vitae Homeri	<Plutarchi> De Homero 1	Plutarchi Morali, Vol 7 (Teubner)	new collection	none	none	none	1805.011		n.a.	Greek	
Vitae Homeri	<Plutarchi> De Homero 2	Plutarchi Morali, Vol 7 (Teubner)	new collection	none	none	none	1805.012		Greek		
Vitae Homeri	The Expedition of Amphiaraus	Hesiod, The Homeric Hymns and Homerica	new collection	none	none	none	1805.010		no	Greek	
Vitae Homeri	Vitae Herodotea. Selections. (The Phocais)	Hesiod, The Homeric Hymns and Homerica	new collection	none	none	none	1805.001		no	Greek	
